{"cameraMode":{"drawMode":0,"name":"Shaded","section":"Shading Mode"},"sceneLighting":true,"audioPlay":false,"sceneViewState":{"showFog":true,"showMaterialUpdate":true,"showSkybox":true,"showFlares":true,"showImageEffects":true,"showParticleSystems":true,"showVisualEffectGraphs":true,"m_FxEnabled":true},"in2DMode":false,"pivot":{"x":3.8805084228515627,"y":1.7025680541992188,"z":-12.58167552947998},"rotation":{"x":-0.17379941046237946,"y":0.24271653592586518,"z":-0.04422236233949661,"w":-0.9533935785293579},"size":231.53443908691407,"orthographic":true}